書生,人間
人間,一番
一番,獰悪
獰悪,種族
掌,スースー
掌,書生
書生,顔
顔,人間
毛,装飾
装飾,顔
その後,猫
猫,片輪
片輪,一度
顔,真中
穴,ぷうぷうと
人間,煙草
書生,掌
掌,裏
裏,心持
心持,非常
非常,速力
書生,無音
無音,眼
たくさん,兄弟
肝心,母親
藁,笹原
笹原,向う
ニャーニャー,試み
池,風
食物,決心
決心,池
我慢,無理やり
無理やり,人間
竹垣,穴
穴,邸
縁,不思議
不思議,竹垣
竹垣,路傍
路傍,餓死
一樹,蔭
垣根,穴
穴,隣家
隣家,三毛
三毛,訪問
腹,雨
雨,始末
始末,一刻
今時,家
書生,人間
人間,機会
機会,遭遇
これ,書生
書生,乱暴
駄目,眼
眼,運
おさん,隙
この間,おさん
おさん,三馬
三馬,偸
偸,返報
返報,胸
最後,家
家,主人
下女,主人
主人,宿
宿,猫
猫,御台
主人,鼻
鼻毛,顔
主人,口
下女,家
主人,滅多
滅多,顔
職業,教師
学校,終日
終日,書斎
家,勉強
当人,勉強
忍び足,書斎
書斎,昼寝
胃弱,皮膚
皮膚,色
色,黄色
黄色,弾力
弾力,不活溌
教師,楽
主人,教師
教師,友達
友達,かん
家,当時
当時,主人
珍重,名前
主人,傍
朝,主人
主人,新聞
新聞,膝
主人,好き
好き,手
その後,経験
経験,朝
朝,飯櫃
飯櫃,夜
夜,炬燵
炬燵,天気
天気,昼
昼,椽側
一番,心持
心持,夜
夜,うち
うち,小供
小供,寝床
寝床,いっしょ
二人,一つ
一つ,床
中間,己
己,余地
余地,運
運,小供
小供,一人
一人,眼
眼,最後
神経,胃弱
胃弱,性
性,主人
主人,眼
眼,次
せんだって,指
指,尻
人間,同居
同居,観察
観察,我儘
我儘,断言
同衾,小供
小供,言語
自分勝手,逆さ
逆さ,頭
頭,袋
家内,総がかり
この間,畳
畳,爪
爪,細君
細君,非常
非常,容易
台所,板の間
板の間,顫える
顫える,平気
尊敬,筋
筋,白
白,人間
人間,不人情
白,先日
先日,玉
玉,子猫
子猫,四疋
家,書生
書生,三日目
三日目,そいつ
そいつ,裏
裏,池
白,涙
涙,一部始終
一部始終,我
我等,猫
猫族,親子
親子,愛
愛,家族
生活,人間
三毛,人間
人間,所有
我々,同族
同族間,目刺
目刺,頭
頭,鰡
鰡,臍
臍,一番
一番先,権利
相手,規約
規約,腕力
人間,観念
観念,我
我等,御馳走
御馳走,掠奪
強力,正当
白,軍人
軍人,家
家,三毛
三毛,代言
教師,家
家事,両君
我儘,家
家,主人
主人,我儘
我儘,失敗
俳句,ほととぎす
ほととぎす,投書
投書,新体詩
新体詩,明星
明星,間違いだらけ
間違いだらけ,英文
英文,弓
弓,謡
謡,ヴァイオリン
ヴァイオリン,気の毒
癖,胃弱
胃弱,癖
後架,謡
謡,近所
近所,後架
後架,先生
先生,渾名
渾名,関
関,平気
平気,平宗盛
一月後,月給
水彩,絵具
絵具,毛筆
毛筆,ワットマン
ワットマン,紙
紙,謡
謡,俳句
俳句,絵
翌日,当分
当分,毎日
毎日,書斎
書斎,昼寝
かきもの,誰
友人,美学
美学,話
自ら,筆
筆,今更
友,金縁
金縁,眼鏡
眼鏡,主人
初め,上手
上手,一室
一室,想像
以太,大家
大家,アンドレア・デル・サルト
地,露
枯木,寒
自然,一幅
主人,無
金縁,裏
翌日,椽側
椽側,心持
心持,昼寝
昼寝,主人
主人,書斎
眼,一分
一分,細目
細目,眼
眼,余念
有様,失笑
友,揶揄
揶揄,結果
結果,手初め
手初め,写生
主人,熱心
熱心,筆
筆,気の毒
輪廓,顔
猫,上乗
背,毛並
毛並,顔
顔,造作
不器量,主人
主人,妙
波,斯産
斯産,猫
猫,黄
黄,灰色
灰色,漆
漆,斑入り
主人,彩色
彩色,黄
黄,黒
黒,灰色
灰色,褐色
一種,色
写生,無理
無理,眼
猫,判然
心中,ひそか
ひそか,いくら
いくら,アンドレア・デル・サルト
さっき,小便
一分,猶予
猶予,仕儀
仕儀,失敬
失敬,両足
両足,存分
存分,首
主人,予定
予定,壊
壊,わし
わし,ついで
ついで,裏
主人,失望
失望,怒り
怒り,声
声,座敷
主人,馬鹿
馬鹿野郎,悪口
悪口,言いよう
言いよう,辛棒
辛棒,人気
人気,無
無,馬鹿野郎
平生,背中
背中,顔
顔,漫罵
漫罵,こっち
こっち,便利
便利,小便
小便,馬鹿
人間,自己
自己,力量
力量,みんな
人間,先
我儘,我慢
我慢,人間
人間,不徳
不徳,数
数倍,報道
報道,耳
家,裏
裏,十坪
瀟洒,心持ち
小供,昼寝
昼寝,退屈
退屈,腹
腹,加減
加減,浩然
小春,穏か
二時頃,昼飯
昼飯,快
快,一睡
一睡,運動
運動,かたがた
かたがた,茶園
茶,木の根
木の根,一本
一本,西側
西側,杉
杉,垣
垣,そば
そば,枯菊
枯菊,猫
猫,前後
無頓着,鼾
鼾,体
庭,忍び
忍び,平気
平気,窃か
窃か,大胆
純粋,黒
午,太陽
太陽,透明
透明,光線
光線,皮膚
皮膚,毛
毛,眼
眼,炎
猫,大王
大王,偉大
嘆賞,好奇心
好奇心,前後
前後,佇立
佇立,余念
余念,静か
静か,小春
小春,風
風,杉
杉,垣
垣,梧桐
梧桐,枝
枝,ばらばら
ばらばら,葉
葉,枯菊
大王,真丸
眼,人間
人間,珍重
珍重,琥珀
双眸,奥
奥,光
光,矮小
矮小,額
大王,言葉
言葉,声
声,底
底,犬
犬,力
心臓,平時
教師,家
言葉,良家
膏,肥満
肥満,御馳走
己,車屋
車屋,黒
黒,近辺
近辺,乱暴
車屋,教育
同盟,敬遠
敬遠,主義
名,尻
尻,軽侮
一体,車屋
車屋,教師
主人,骨
車屋,猫
国,食い物
食い物,不自由
茶,畠
畠,己
家,教師
教師,車屋
箆,棒
棒,腹
肝,癪
癪,様子
様子,寒竹
寒竹,耳
車屋,黒
黒,知己
その後,黒
邂逅,車屋
車屋,相当
先,耳
耳,不徳
不徳,事件
事件,黒
黒,茶
茶畠,雑談
雑談,自慢
自慢,あと
あと,下
鼠,何匹
智識,黒
黒,発達
発達,腕力
腕力,勇気
勇気,黒
黒,比較
比較,覚悟
黒,鼻先
鼻先,髭
黒,自慢
自慢,丈
丈,気焔
気焔,感心
感心,咽喉
咽喉,謹聴
呼吸,場合
場合,己
己,弁護
弁護,形勢
形勢,愚か
愚か,手柄
手柄,話
話,茶
去年,大掃除
亭主,石灰
石灰,袋
袋,椽
椽,野郎
こん畜生,泥
泥,溝
ここ,去年
去年,臭気
臭気,前足
前足,鼻
鼻,頭
鼠,百年
鼠,名人
名人,鼠
鼠,色つや
黒,機嫌
機嫌,質問
質問,不思議
不思議,反対
反対,結果
鼠,みんな
うち,亭主
亭主,己
己,御蔭
御蔭,壱円
壱円,五十銭
五十銭,癖
癖,碌
人間,体
無学,黒
黒,理窟
理窟,容子
容子,背中
黒,子分
子分,鼠
鼠,御馳走
御馳走,猟
教師,家
家,猫
猫,教師
教師,主人
主人,水彩
水彩画,十二月
十二月,一日
一日,日記
放蕩,妻君
妻君,芸者
元来,放蕩
放蕩,家人
家人,大部分
大部分,放蕩
放蕩,資格
放蕩,家
家,自任
自任,連中
連中,放蕩
放蕩,資格
料理屋,酒
酒,待合
待合,通人
通人,一廉
一廉,水彩
水彩,画家
水彩画,愚昧
愚昧,通人
通人,山出し
山出し,野暮
野暮,遥か
芸者,妻君
妻君,教師
教師,口
口,愚劣
愚劣,自己
自己,水彩
水彩画,批評
批評,眼
主人,かく
中二日,十二月
十二月,四日
四日,日記
昨夜,水彩
水彩画,立派
立派,額
額,欄間
額,我
立派,独り
独り,眺め
眺め,夜
夜,眼
眼,元通り
元通り,下手
下手,朝日
主人,夢
夢,水彩
水彩,画家
水彩,画家
画家,夫子
夫子,通人
主人,水彩
水彩画,夢
夢,翌日
翌日,金縁
金縁,眼鏡
眼鏡,美学
美学,久し振り
久し振り,主人
主人,平気
忠告,写生
形,色
色,精細
精細,変化
西洋,写生
写生,主張
主張,結果
結果,発達
日記,アンドレア・デル・サルト
椽側,対話
対話,日記
美学,者
唯一,楽
アンドレア・デル・サルト,事件
事件,主人
主人,情
情,線
線,顧慮
顧慮,得意
冗談,滑稽
美感,挑撥
せんだって,学生
学生,ニコラス・ニックルベー
ニコラス・ニックルベー,ギボン
ギボン,忠告
忠告,一世
一世,著述
著述,仏国
仏国,革命
革命史,仏語
仏語,英文
英文,出版
出版,学生
学生,馬鹿
馬鹿,記憶
記憶,男
男,日本
日本,文学
文学,演説
演説,真面目
傍聴者,皆
皆,熱心
せんだって,文学
文学者,席
席,ハリソン
ハリソン,歴史
歴史,小説
小説,セオファーノ
セオファーノ,歴史
歴史,小説
主人公,鬼気
鬼気,向う
向う,先生
先生,あすこ
男,同様
同様,小説
神経,胃弱
胃弱,性
性,主人
出鱈目,相手
差支,化皮
美学,金縁
金縁,眼鏡
眼鏡,性質
性質,車屋
車屋,黒
主人,日の出
日の出,輪
輪,勇気
美学,駄目
冗談,レオナルド・ダ・ヴィンチ
レオナルド・ダ・ヴィンチ,門下生
門下生,寺院
寺院,壁
壁,しみ
雪隠,雨
雨,壁
壁,余念
余念,模様画
注意,写生
奇警,ダ・ヴィンチ
主人,半分
雪隠,写生
車屋,黒
黒,その後
光沢,毛
琥珀,眼
眼,脂
注意,元気
元気,消沈
消沈,体格
茶園,最後
最後,屁
屁,肴屋
肴屋,天秤棒
赤松,紅葉
紅葉,夢
夢,近く
近く,花弁
花弁,紅白
紅白,山茶花
山茶花,残り
三間半,南向
南向,椽側
椽側,冬
冬,日脚
日脚,木枯
稀,昼寝
昼寝,時間
主人,毎日
教師,厭
小供,感心
唱歌,毬
毬,御馳走
御馳走,健康
健康,跛
名前,際限
際限,生涯
生涯,教師
教師,家
家,無名
無名,猫
有名,猫
猫,鼻
元朝,主人
主人,一枚
一枚,絵
交友,某画家
某画家,年始
年始,赤
赤,深緑
深緑,真中
真中,動物
動物,蹲
主人,書斎
書斎,絵
絵,横
感服,横
からだ,手
手,年寄
年寄,三世相
三世相,窓
窓,鼻
動揺,劇
劇,声
主人,絵
絵,端書
端書,色
色,感服
感服,動物
動物,正体
正体,苦心
絵,端書
端書,眼
眼,上品
上品,半ば
半ば,落ちつき
主人,アンドレア・デル・サルト
アンドレア・デル・サルト,画家
画家,形体
誰,猫
眼識,猫
猫,判然
明瞭,苦心
苦心,人間
絵,猫
人間,猫
猫属,言語
言語,天恵
天恵,動物
読者,人間
人間,猫
猫,事もなげ
事もなげ,軽侮
軽侮,口調
口調,評価
人間,糟
糟,牛
牛,馬
馬,牛
牛,馬
馬,糞
糞,猫
猫,製造
製造,無智
無智,高慢
高慢,顔
顔,教師
教師,はた
猫,粗末
よそ目,一列
一列,一体
一体,平等
平等,無差別
無差別,猫
猫,自家
自家,固有
固有,特色
特色,猫
猫,社会
社会,複雑
複雑,十人十色
十人十色,人間
人間界,応用
目付,鼻付
鼻付,毛並
毛並,足並
髯,張り
張り具合,耳
耳,按排
按排,尻尾
尻尾,垂れ加減
器量,不器量
不器量,好き嫌い
好き嫌い,粋
粋,無粋
無粋,数
判然,区別
区別,人間
人間,眼
眼,向上
向上,空
空,性質
性質,相貌
相貌,識別
同類,餅屋
餅屋,猫
人間,発達
同情,主人
主人,相互
相互,残り
残り,愛
愛,第一義
第一義,男
性,牡蠣
牡蠣,書斎
書斎,外界
外界,口
達観,面構
達観,証拠
証拠,肖像
肖像,眼前
眼前,様子
様子,今年
今年,征露
征露,二年目
二年目,大方
大方,熊
主人,膝上
膝上,眼
眼,下女
下女,絵
活版,舶来
舶来,猫
行列,ペン
ペン,書物
一疋,席
席,机
机,角
角,西洋
西洋,猫
黒,右側
右側,猫
猫,春
春,一日
主人,旧門下生
旧門下生,誰
誰,一見
一見,意味
意味,主人
主人,不思議
不思議,首
首,今年
今年,猫
恭賀新年,傍ら
傍ら,恐縮
恐縮,猫
猫,声
迂遠,主人
主人,明らさま
眼付,尊敬
世間,存在
存在,主人
主人,一個
個,新面目
新面目,御蔭
御蔭,眼付
門,格子
格子,チリン
来客,下女
肴屋,梅
梅,公時
公時,ほか
ほか,平気
平気,主人
主人,高利貸
高利貸,不安
不安,顔付
顔付,玄関
年賀,客
客,酒
酒,相手
人間,偏屈
下女,寒月
寒月,男
男,主人
主人,旧門下生
旧門下生,学校
学校,卒業
卒業,主人
男,主人
恋,女
女,世の中
世の中,艶
主人,人間
人間,合点
合点,牡蠣
牡蠣,主人
主人,談話
談話,相槌
去年,暮
暮,活動
活動,方角
羽織,紐
紐,謎
主人,真面目
真面目,顔
顔,黒
黒,木綿
木綿,紋付
紋付,羽織
羽織,木綿
木綿,左右
椎茸,傘
傘,前歯
椎茸,前歯
俳句,恋
猫,車屋
車屋,黒
黒,立派
寒月,賞
賞,得意
昨夜,合奏
ヴァイオリン,三挺
三挺,ピヤノ
ヴァイオリン,三挺
三挺,下手
二人,女
主人,枯木
枯木,顔付
顔付,婦人
婦人,冷淡
冷淡,西洋
西洋,小説
小説,一人物
一人物,大抵
勘定,往来
往来,婦人
婦人,七割弱
七割弱,恋着
恋着,諷刺
諷刺,真理
真理,感心
浮気,男
男,牡蠣
牡蠣,生涯
失恋,胃弱
胃弱,金
金,臆病
明治,歴史
歴史,関係
関係,人物
寒月,女連れ
口取,蒲鉾
蒲鉾,箸
箸,半分
二人,令嬢
令嬢,御存じ
寒月,加減
加減,時分
いっしょ,散歩
散歩,旅順
旅順,市中
主人,旅順
旅順,陥落
陥落,女連
女連,身元
身元,顔
顔,決心
黒,木綿
木綿,紋付
紋付,羽織
羽織,兄
兄,紀念
紀念,二十年
二十年,来着
来着,結城紬
結城紬,綿入
所々,裏
裏,針
主人,服装
服装,師走
ふだん着,余所
両人,失敬
失敬,寒月
寒月,蒲鉾
蒲鉾,残り
普通,一般
桃川,如燕
如燕,猫
猫,グレー
グレー,金魚
金魚,偸
偸,猫
車屋,黒
蒲鉾,一切
一切,頂戴
人目,間食
間食,癖
癖,猫族
細君,留守中
留守中,餅菓子
餅菓子,失敬
失敬,頂戴
上品,仕付
仕付,細君
細君,吹聴
吹聴,小児
二人,小供
小供,馬鹿
馬鹿,眼
眼,主人
主人,夫婦間
毎朝,主人
主人,麺
麺,麭
麭,幾分
幾分,砂糖
砂糖,壺
壺,卓上
砂糖,分配
分配,壺
壺,一匙
一匙,砂糖
砂糖,皿
姉,分量
分量,砂糖
砂糖,方法
方法,皿
両人,匙
匙,一杯
一杯,皿
匙,分量
分量,姉
姉,壺
壺,手
手,妹
一杯,両人
両人,皿
皿,山盛
山盛,砂糖
砂糖,壺
壺,一匙
一匙,砂糖
砂糖,主人
主人,眼
眼,寝室
寝室,砂糖
砂糖,壺
人間,利己
利己,主義
主義,公平
公平,猫
猫,智慧
智慧,猫
気の毒,御櫃
寒月,主人
主人,歩行
歩行,晩
晩,翌日
翌日,食卓
食卓,九時
御櫃,拝見
拝見,主人
餅,六切
六切,七切
七切,最後
最後,一切れ
一切れ,椀
他人,我儘
我儘,承知
承知,主人
主人,威光
威光,得意
得意,汁
汁,餅
餅,死骸
妻君,袋戸
袋戸,奥
奥,タカジヤスターゼ
タカジヤスターゼ,卓上
澱粉質,功能
細君,独言
厭き,薬
せんだって,毎日
功能,薬
薬,気遣い
気遣い,辛防
辛防,胃弱
ご覧,薬
細君,タカジヤスターゼ
タカジヤスターゼ,主人
膝上,目
目,庭
庭,書斎
書斎,椽側
椽側,障子
障子,隙
隙,主人
主人,エピクテタス
エピクテタス,本
注意,日記帳
寒月,根津
根津,上野
上野,池
池,端
端,神田
池,端
端,待合
待合,芸者
芸者,裾模様
裾模様,春着
喜多,床
床,顔
顔,人間
宝丹,角
角,一人
背,撫肩
撫肩,恰好
恰好,女
女,薄紫
薄紫,衣服
衣服,素直
声,旅
旅,鴉
鴉,皺
皺,風采
風采,下落
下落,源ちゃん
源ちゃん,面倒
面倒,懐手
人間,心理
主人,心
心,哲人
哲人,遺書
遺書,一道
一道,慰安
世の中,冷笑
冷笑,世の中
世の中,肝
肝,癪
癪,超然
猫,単純
日記,無用
主人,裏表
裏表,人間
人間,日記
日記,世間
世間,自己
自己,面目
面目,暗室
暗室,発揮
発揮,必要
必要,猫
猫属,行住坐臥
行住坐臥,屎送
屎送,尿
尿,真正
真正,日記
日記,面倒
面倒,手数
手数,己
己,真面目
日記,ひま
ひま,椽側
神田,某亭
久し振り,正宗
正宗,今朝
今朝,胃
胃,具合
胃弱,晩酌
無,タカジヤスターゼ
独り,喧嘩
今朝,肝
肝,癪
人間,日記
日記,本
本,色
色,辺
是非,香の物
説,すべて
すべて,胃病
胃病,源
漬物,胃病
胃病,源
源,本復
一週間,香の物
香の物,箸
皆川,古流
古流,大抵
大抵,胃病
安井,息軒
息軒,按摩
坂本竜馬,豪傑
豪傑,治療
骨,臓腑
臓腑,位置
位置,顛倒
顛倒,根治
根治,残酷
身体,綿
綿,昏睡
昏睡,病
病,心持ち
心持ち,一度
一度,閉口
是非,固形
一日,牛乳
牛乳,腸
腸,音
音,大水
横膈膜,呼吸
呼吸,内臓
内臓,運動
運動,自然
自然,胃
胃,働き
働き,健全
健全,試し
横膈膜,文章
美学,体
体,産気
産気,男
先生,蕎麦
蕎麦,腹
年来,胃弱
胃弱,方法
方法,すべて
昨夜,寒月
寒月,三杯
三杯,正宗
主人,心
心,眼球
眼球,間断
日記,胃病
胃病,心配
心配,癖
癖,表向
せんだって,友人
友人,某学者
某学者,一種
一種,見地
見地,すべて
すべて,病気
病気,父祖
父祖,罪悪
罪悪,自己
自己,罪悪
罪悪,結果
研究,条理
条理,明晰
明晰,秩序
秩序,整然
整然,立派
気の毒,主人
主人,反駁
反駁,頭脳
頭脳,学問
胃病,弁解
弁解,自己
自己,面目
カーライル,胃弱
胃弱,名誉
名誉,見当違い
カーライル,胃弱
胃弱,病人
虚栄心,胃弱
胃弱,今夜
今夜,晩酌
今朝,雑煮
雑煮,たくさん
たくさん,昨夜
昨夜,寒月
寒月,正宗
猫,大抵
車屋,黒
黒,横丁
横丁,肴屋
肴屋,遠征
遠征,気力
気力,新道
新道,二絃琴
二絃琴,師匠
師匠,三毛
三毛,贅沢
香の物,経験
経験,沢庵
沢庵,二切
嫌,贅沢
贅沢,我儘
我儘,教師
教師,家
家,猫
猫,口
主人,仏蘭西
仏蘭西,バルザック
バルザック,小説
小説,家
バルザック,小説
小説,人間
友人,遊び
遊び,いっしょ
友人,バルザック
バルザック,苦心
苦心,目付
目付,考え
考え,往来
往来,店先
店先,看板
朝,晩
晩,巴
巴,理
帰りがけ,バルザック
バルザック,裁縫屋
裁縫屋,看板
看板,マーカス
バルザック,手
マーカス,頭文字
頭文字,申し分
友人,迷惑
迷惑,一人
一人,小説
小説,人間
人間,名前
名前,一日
一日,巴
巴,理
理,探険
探険,手数
贅沢,結構
結構,牡蠣
牡蠣,主人
主人,身の上
雑煮,贅沢
贅沢,結果
結果,何時
何時,主人
主人,雑煮
今朝,餅
餅,今朝
今朝,色
色,椀
椀,底
白状,餅
餅,一辺
一辺,口
爪,餅
餅,上皮
釜,底
底,飯
飯,御櫃
幸,不幸
春,顔
小供,奥
来年,餅
刹那,猫
猫,真理
機会,すべて
すべて,動物
実,雑煮
椀,底
底,様子
様子,熟視
熟視,厭
御三,勝手口
勝手口,奥
奥,小供
小供,足音
足音,こちら
こちら,惜気
惜気,椀
椀,雑煮
雑煮,来年
最後,重量
重量,椀
椀,底
底,あぐり
あぐり,餅
餅,角
力,大抵
餅,魔物
魔物,疳
沼,足
足,焦慮
焦慮,口
歯,答え
答え,歯
歯,答え
答え,始末
美学,先生
先生,主人
主人,男
餅,主人
三十,尽未来
尽未来,際
煩悶,際
際,真理
すべて,動物
動物,直覚的
直覚的,事物
事物,適不適
真理,二つ
二つ,発明
発明,餅
歯,餅
餅,肉
肉,吸収
小供,唱歌
唱歌,台所
煩悶,極
極,尻尾
尻尾,功能
功能,耳
耳,尻尾
尻尾,餅
前足,助け
右方,口
左方,口
口,中心
中心,急劇
辛防,肝心
肝心,左右
左右,歯
歯,餅
面倒,両足
不思議,後足
後足,二本
猫,餅
餅,意気込み
意気込み,無茶苦茶
無茶苦茶,顔
前足,運動
運動,猛烈
後足,調子
調子,一つ
一つ,台所
幸,天祐
天祐,一生懸命
一生懸命,餅
餅,足音
足音,奥
奥,躍起
猫,雑煮
羽根,羽子板
細君,縮緬
笑い,五つ
狂瀾,既倒
人間,同情
同情,実行
実行,見聞
天祐,どっか
どっか,在来
在来,四つ這
四つ這,眼
眼,白黒
白黒,醜態
主人,眼付
御馳走,半分
半分,夢
夢,顔
寒月,前歯
餅,歯
歯,情け
情け,容赦
すべて,安楽
安楽,困苦
真理,経験
経験,家人
家人,奥
失敗,御三
御三,顔
新道,二絃琴
二絃琴,師匠
師匠,三毛
三毛,訪問
訪問,台所
三毛,近辺
近辺,有名
有名,美貌
猫,相違
相違,情け
主人,顔
顔,御三
御三,気分
気分,異性
異性,朋友
朋友,訪問
心,晴々
晴々,心配
心配,苦労
女性,影響
影響,莫大
杉,垣
垣,隙
隙,三毛
三毛,正月
正月,首輪
首輪,行儀
背中,加減
尻尾,加減
加減,足
足,具合
具合,耳
耳,景色
品,身体
身体,静粛
静粛,端正
端正,態度
態度,鵞毛
鵞毛,滑らか
滑らか,身の毛
身の毛,春
春,反射
反射,風
恍惚,我
首輪,鈴
正月,鈴
鈴,音
音,感心
猫属,挨拶
挨拶,尾
尾,棒
町内,先生
先生,三毛
前回,教師
教師,家
家,三毛
三毛,尊敬
尊敬,先生
先生,心持ち
去年,師匠
音,立派
三毛,無邪気
鼻孔,三角
三角,咽
咽,喉仏
喉仏,震動
震動,人間
主人,師匠
二絃琴,師匠
障子,師匠
師匠,六十二
天璋院,祐筆
祐筆,妹
妹,御嫁
御嫁,かさん
かさん,甥
甥,娘
天璋院,祐筆
祐筆,妹
天璋院,妹
天璋院,祐筆
妹,御嫁
かさん,甥
甥,娘
かさん,甥
甥,娘
天璋院,祐筆
祐筆,妹
妹,御嫁
嫁先,かさん
かさん,甥
甥,娘
理詰,虚言
障子,二絃琴
二絃琴,音
音,師匠
雑煮,元気
帰り,茶園
茶園,霜柱
霜柱,建仁寺
建仁寺,顔
顔,車屋
車屋,黒
黒,枯菊
枯菊,背
背,山
黒,恐怖
恐怖,面倒
黒,性質
性質,他
他,己
己,軽侮
教師,飯
飯,高慢ちき
高慢ちき,面
黒,有名
説明,挨拶
挨拶,御免
黒,尻尾
向う,面
句,罵詈
罵詈,言語
手,悪体
悪体,癖
癖,世話
世話,正月
正月,野郎
正月,野郎
野郎,詩的
詩的,意味
意味,何とか
何とか,不明瞭
参考,明瞭
明瞭,答弁
答弁,面
黒,神
黒,畜生
初春,長閑
長閑,空気
空気,無遠慮
無遠慮,震動
震動,枝
枝,御代
黒,横着
横着,顔
顔,四角
四角,顋
黒,応対
応対,足
足下,一切れ
一切れ,二銭
二銭,三厘
三厘,相当
相当,鮭
鮭,骨
骨,泥
行き掛り,感投詞
しゃけ,一切
一切,二人
二人,びった
腕まくり,代り
代り,前足
前足,逆
逆,肩
人間,胸倉
辟易,内心
内心,神
西川,用
牛肉,一斤
牛肉,注文
注文,声
声,四隣
年,一遍
一遍,牛肉
牛肉,声
牛肉,一斤
一斤,近所
近所,自慢
自慢,始末
黒,四つ
四つ,足
一斤,承知
後足,霜柱
霜柱,頭
泥,黒
黒,垣根
西川,牛
家,座敷
座敷,主人
主人,笑い声
椽側,主人
主人,傍
頭,奇麗
奇麗,木綿
木綿,紋付
紋付,羽織
羽織,小倉
小倉,袴
袴,真面目
真面目,書生
書生,体
主人,手
手,角
角,春慶
春慶,巻煙草
巻煙草入れ,越智
越智,東風
東風,紹介
紹介,水島
水島,寒月
寒月,名刺
名刺,客
客,名前
名前,寒月
寒月,友人
主客,対話
対話,途中
途中,前後
前後,前回
前回,紹介
紹介,美学
趣向,是非
西洋,料理
料理,午
午,飯
飯,趣向
主人,茶
茶,客
主人,膝上
膝上,頭
馬鹿,茶番
献立,料理
首,ボイ
ボイ,御覧
御覧,ボイ
ボイ,鴨
鴨,ロース
ロース,小牛
小牛,チャップ
チャップ,先生
先生,月並
月並,ボイ
ボイ,月並
月並,意味
意味,妙
洋行,金
過去,洒落
客,感服
洋行,真面目
なめくじ,ソップ
ソップ,話
話,蛙
蛙,シチュ
シチュ,形容
趣向,冒頭
冒頭,本論
主人,好奇的
なめくじ,蛙
蛙,トチメンボー
トチメンボー,相談
妙,先生
先生,真面目
主人,麁忽
客,謝罪
ボイ,トチメンボー
トチメンボー,二人前
二人前,ボイ
ボイ,メンチ
メンチ,ボー
ボー,先生
先生,真面目
真面目,メンチ
メンチ,ボー
ボー,トチメンボー
トチメンボー,料理
先生,沈着
沈着,西洋
西洋,洋行
洋行,口
口,トチメンボー
ボイ,滑稽
滑稽,思案
思案,気の毒
気の毒,トチメンボー
トチメンボー,生憎
生憎,メンチ
メンチ,ボー
ボー,二人前
二人前,先生
先生,非常
非常,残念
残念,様子
トチメンボー,都合
都合,ボイ
ボイ,二十銭
二十銭,銀貨
銀貨,ボイ
ボイ,料理番
料理番,相談
ボイ,生憎
生憎,御誂
御誂,時間
時間,先生
先生,正月
正月,ひま
ひま,ポッケット
ポッケット,葉巻
葉巻,ぷかりぷかり
ぷかりぷかり,懐
懐,日本
日本,新聞
新聞,ボイ
ボイ,奥
主人,戦争
戦争,通信
通信,意気込
意気込,席
ボイ,トチメンボー
トチメンボー,材料
材料,払底
払底,亀屋
亀屋,横浜
横浜,十五番
十五番,当分
当分,生憎
生憎,気の毒
気の毒,先生
先生,御覧
御覧,遺憾
遺憾,調子
ボイ,気の毒
気の毒,材料
先生,材料
材料,ボイ
ボイ,返事
材料,日本
日本,俳人
俳人,先生
先生,ボイ
ボイ,えさ
えさ,横浜
横浜,気の毒
アンドレア・デル・サルト,一人
一人,愉快
二人,表
表,橡面坊
橡面坊,種
種,得意
敬服,至り
至り,午飯
午飯,時刻
咽喉,音
音,主客
承知の通り,文学
文学,美術
美術,好き
同志,せんだって
せんだって,朗読会
朗読会,組織
組織,毎月
毎月,一回
一回,会合
会合,方面
方面,研究
研究,一回
一回,去年
朗読会,節奏
節奏,詩歌
詩歌,文章
文章,風
初め,古人
古人,同人
同人,創作
古人,白楽天
白楽天,琵琶
蕪村,春風馬堤曲
せんだって,近松
近松,心中
近松,浄瑠璃
近松,戯曲
戯曲,家
家,近松
主人,頭
藪,睨み
睨み,自認
自認,人間
人間,世の中
世の中,誤謬
一人,朗読
朗読,役割
主意,作中
作中,人物
人物,同情
同情,性格
性格,発揮
発揮,手真似
白,時代
時代,主
御嬢さん,丁稚
丁稚,人物
衣装,書割
一回,成功
船頭,客
客,芳原
鼻,日の出
日の出,耳
耳,顔
登場,人物
人物,客
客,船頭
船頭,花魁
花魁,仲居
仲居,遣手
主人,花魁
花魁,顔
顔,仲居
仲居,遣手
遣手,見番
見番,術語
術語,明瞭
明瞭,智識
智識,質問
仲居,娼家
娼家,下婢
研究,仲居
仲居,茶屋
茶屋,下女
下女,遣手
遣手,女
女,部屋
部屋,助役
人物,仮色
仮色,癖
癖,遣手
遣手,仲居
仲居,茶屋
茶屋,隷属
隷属,遣手
遣手,娼家
娼家,起臥
見番,人間
人間,一定
一定,場所
場所,人間
人間,男
見番,男
頓珍漢,主人
花魁,法学
法学士,口髯
口髯,女
女,せりふ
花魁,癪
朗読,癪
主人,心配
癪,一回
東風,船頭
船頭,見番
船頭,催し
会場,女学生
女学生,下宿
下宿,朗読会
朗読会,探知
探知,会場
会場,窓
窓,傍聴
船頭,仮色
仮色,大丈夫
大丈夫,得意
得意,身振り
身振り,女学生
女学生,一度
一度,極り
極り,悪
悪,腰
腰,限り
一回,成功
成功,朗読会
朗読会,失敗
主人,正月
二回,奮発
奮発,盛大
盛大,先生
先生,一つ
一つ,入会
入会,消極的
癪,だかん
だかん,賛助員
紫,風呂敷
風呂敷,大事
大事,小菊
帳面,主人
主人,膝前
現今,知名
知名,文学
文学,博士
博士,文学士
文学士,連中
連中,行儀
賛成員,義務
牡蠣,先生
先生,掛念
義務,是非
是非,名前
名前,記入
記入,賛成
義務,主人
責任,謀叛
謀叛,連判状
連判状,顔
知名,学者
学者,名前
名前,姓名
姓名,入籍
入籍,主人
主人,無上
無上,光栄
光栄,返事
主人,書斎
菓子,皿
皿,カステラ
今朝,雑煮
主人,書斎
書斎,印形
印形,胃
胃,カステラ
主人,菓子
菓子,皿
皿,カステラ
カステラ,一切
主人,書斎
書斎,机上
机上,先生
新年,御慶
御慶,申納
先生,手紙
手紙,真面目
其後,恋
恋,婦人
婦人,艶書
艶書,無事
無事,消光
消光,乍憚
乍憚,休心
年始状,例外
例外,世間
参堂,大兄
大兄,消極主義
消極主義,限り
限り,積極的
積極的,方針
方針,千古
千古,未曾有
未曾有,新年
新年,計画
計画,毎日
毎日,目
目,多忙
多忙,推察
男,正月
正月,遊び
遊び,違い
違い,主人
主人,腹の中
昨日,一刻
一刻,ひま
ひま,トチメンボー
トチメンボー,御馳走
御馳走,材料
材料,払底
払底,遺憾
遺憾,千万
主人,無言
明日,男爵
男爵,歌留多会
歌留多会,明後日
明後日,審美
審美学,協会
協会,新年
新年,宴会
宴会,其明
其明,鳥部教授
鳥部教授,歓迎会
謡曲会,俳句会
俳句会,短歌会
短歌会,新体詩会
新体詩会,連発
連発,当分
当分,幕無し
幕無し,出勤
出勤,不得
不得,拝趨
拝趨,礼
礼,不悪
不悪,宥恕
主人,手紙
光来,久し振り
久し振り,晩餐
晩餐,心得
心得,御座
寒厨,珍味
珍味,トチメンボー
トチメンボー,只今
只今,心掛
トチメンボー,材料
材料,払底
払底,孔雀
孔雀,舌
舌,風味
両天秤,主人
承知の通り,孔雀
孔雀,一羽
一羽,舌
舌,肉
肉,分量
分量,小指
小指,半ば
半ば,健啖
健啖,大兄
大兄,胃嚢
うそつけ,主人
是非,孔雀
孔雀,捕獲
孔雀,動物
動物園,浅草
浅草,花屋敷
花屋敷,普通
普通,鳥屋
鳥屋,不申
不申,苦心
苦心,此事
此事,御座
独り,勝手
勝手,苦心
苦心,主人
主人,感謝
孔雀,舌
舌,料理
料理,往昔
往昔,羅馬
羅馬,全盛
全盛,砌
砌,一時
一時,非常
非常,流行
流行,豪奢
豪奢,風流
風流,極度
極度,平生
平生,ひそか
ひそか,食指
食指,居候
居候,諒察
諒察,可被下
諒察,馬鹿
馬鹿,主人
全欧,孔雀
孔雀,宴席
宴席,好味
レスター,エリザベス
エリザベス,女皇
ケニルウォース,招待
孔雀,使用
使用,記憶
有名,レンブラント
レンブラント,饗宴図
饗宴図,孔雀
孔雀,尾
尾,儘卓
孔雀,料理史
料理史,多忙
御馳走,小生
小生,大兄
大兄,胃弱
胃弱,標準
歴史家,羅馬
羅馬人,二度
二度,三度
二度,三度
三度,方丈
方丈,食饌
食饌,胃
胃,消化
消化,機能
機能,不調
不調,自然
自然,大兄
贅沢,衛生
衛生,両立
両立,研究
研究,不相当
不相当,多量
多量,滋味
滋味,胃腸
胃腸,常態
常態,保持
保持,必要
必要,秘法
秘法,案出
食後,入浴
入浴後,一種
一種,方法
方法,浴前
浴前,嚥
嚥,嘔吐
嘔吐,胃
胃,掃除
胃,廓清
廓清,食卓
食卓,珍味
珍味,風
風,湯
湯,吐出
好物,内臓
内臓,機関
機関,障害
障害,一挙両得
一挙両得,此等
此等,愚考
廿世紀,交通
交通,頻繁
頻繁,宴会
宴会,増加
増加,軍国
軍国,多事
多事,征露
征露,二年
二年,折柄
折柄,吾人
吾人,戦勝国
戦勝国,国民
国民,是非
是非共,羅馬人
羅馬人,入浴
入浴,嘔吐
嘔吐,術
術,研究
研究,機会
機会,到着
到着,自信
切角,国民
国民,将来
将来,大兄
大兄,胃病
胃病,患者
患者,窃か
窃か,心痛
大兄,男
此際,吾人
吾人,西洋
西洋,事情
事情,古史
古史,伝説
伝説,考究
考究,廃絶
廃絶,秘法
秘法,発見
発見,明治
明治,社会
社会,応用
応用,禍
禍,未萌
未萌,功徳
功徳,平素
平素,逸楽
逸楽,恩
此間,ギボン
ギボン,モンセン
モンセン,スミス
スミス,諸家
諸家,著述
著述,渉猟
渉猟,発見
発見,端緒
端緒,残念
残念,御存じ
御存じ,小生
小生,成功
成功,中絶
中絶,性質
性質,嘔吐
嘔吐,再興
発見,報道
報道,承知
申上候,トチメンボー
トチメンボー,孔雀
孔雀,舌
舌,御馳走
御馳走,発見
発見後,小生
小生,都合
都合,胃弱
胃弱,大兄
大兄,便宜
便宜,存候
存候,草々
書き方,真面目
真面目,仕舞
新年,匆々
匆々,悪戯
悪戯,ひま
白磁,水仙
水仙,青軸
青軸,梅
梅,瓶
瓶,一両度
一両度,三毛
留守,目
目,病気
障子,師匠
師匠,下女
下女,手水
手水鉢,葉蘭
境遇,己
己,猫
下女,猫
猫,上等
上等,動物
家,下女
下女,猫
三毛,診察場
診察場,風邪
風邪,脈
三毛,膝上
膝上,猫
猫,病気
腹,大事
大事,猫
猫,三毛
天璋院,何とか
何とか,雅
風邪,咽喉
風邪,どなた
天璋院,何とか
何とか,下女
下女,馬鹿
馬鹿,叮嚀
肺病,ペスト
ペスト,病気
病気,油断
旧幕,時代
時代,御前
下女,国事
国事,秘密
表通り,教師
教師,毎朝
毎朝,無作法
無作法,声
顔,鵝鳥
鵝鳥,声
鵝鳥,声
主人,毎朝
毎朝,風呂場
風呂場,含嗽
含嗽,楊枝
楊枝,咽喉
咽喉,声
声,無遠慮
細君,一日
厄介,癖
癖,根気
根気,猫
酷評,耳
維新,中間
中間,草履取り
草履取り,相応
相応,作法
作法,屋敷
屋敷,町
町,顔
下女,無
無,感服
感服,無
主人,猫
猫,野良猫
三毛,病気
病気,御蔭
御蔭,相違
こいつ,滅多
滅多,三毛
主人,書斎
書斎,沈吟
沈吟,体
二絃琴,師匠
師匠,評判
評判,仏
仏,神聖
当分,多忙
多忙,年始状
翻訳,名文
名文,読本
孔雀,舌
舌,讐
讐,寸法
山陽,先生
先生,名文
名文,山陽
山陽,馬子
馬子,借金
借金,催促状
催促状,近来
近来,名文
名文,話
話,審美眼
先生,審美眼
審美眼,本家
主人,禅
禅,坊主
坊主,大燈国師
大燈国師,遺誡
巨人,引力
引力,巨人
ケート,窓
巨人,地中
万物,己
巨人,引力
トチメンボー,返礼
金縁,眼鏡
伎倆,此度
此度,降参
一人,承知
承知,一人
水彩画,代り
遠近,無差別
無差別,黒白
黒白,平等
平等,水彩
主人,疳
寒月,先日
名文,拝聴
拝聴,トチメンボー
トチメンボー,亡魂
亡魂,退治
先日,紹介
紹介,越智
越智,東風
越智,東風
東風,男
男,正直
正直,男
男,迷惑
迷惑,是非
是非,紹介
こちら,姓名
どこ,初対面
初対面,名前
名前,講釈
東風,音
先生,金
金,唐皮
唐皮,煙草
越智,東風
東風,越智
雲井,腹
文学,熱
熱,遠近
遠近,成語
成語,姓名
姓名,韻
韻,得意
東風,音
音,苦心
苦心,不平
先生,図
図,腹の底
腹の底,雲井
雲井,鼻
途中,煙
煙,戸迷い
戸迷い,咽喉
先生,煙管
煙管,ごほん
先日,朗読会
朗読会,船頭
先生,煙管
せんだって,トチメンボー
トチメンボー,御馳走
二回,知名
知名,文士
文士,招待
招待,大会
大会,先生
先生,是非
近松,世話物
世話物,つもり
つもり,次の者
次の者,金色
金色,夜叉
夜叉,役
是非,出席
寒月,笑い
男,誠実
誠実,軽薄
主人,アンドレア・デル・サルト
アンドレア・デル・サルト,孔雀
孔雀,舌
舌,トチメンボー
トチメンボー,復讐
行徳,俎
行徳,俎
俎,主人
主人,永年
永年,教師
教師,胡魔化し
胡魔化し,教場
教場,経験
経験,社交
社交,応用
行徳,俎
主人,床
水仙,風呂
風呂,帰りがけ
行徳,俎
暮,去年
去年,暮
暮,不思議
煙管,大神楽
主人,行徳
行徳,俎
先生,不思議
不思議,経験
暮,二十七日
東風,参堂
参堂,是非
是非,文芸
文芸,高話
高話,在宿
在宿,先触れ
先触れ,朝
朝,心待ち
昼飯,ストーブ
ストーブ,バリー・ペーン
バリー・ペーン,滑稽
滑稽,静岡
静岡,母
母,手紙
手紙,年寄
年寄,小供
寒中,夜間
夜間,外出
外出,冷水浴
冷水浴,ストーブ室
ストーブ室,煖
煖,風邪
風邪,注意
親,他人
他人,呑気
母,天下
天下,明治
明治,文壇
文壇,先生
御前,仕合せ
露西亜,戦争
戦争,辛苦
辛苦,御国
御国,節季
節季,師走
師走,お正月
名前,世の中
世の中,味気
味気,人間
初春,雑煮
雑煮,今度限り
今度限り,なおのこと
なおのこと,東風
晩飯,母
母,返事
母,手紙
手紙,六尺以上
六尺以上,芸
芸,十行内外
十行内外,御免
一日,胃
胃,具合
東風,郵便
富士見町,足
足,土手
土手,三番町
晩,風
風,御濠
神楽坂,汽車
汽車,ヒュー
ヒュー,土手
暮,戦死
戦死,老衰
老衰,無常
無常,迅速
迅速,頭の中
首,土手
土手,松
松,真下
主人,断首
断首,松
松,鴻台
鴻台,鐘
鐘,松
松,土手
土手,三番町
三番町,首
昔,言い伝え
言い伝え,松
松,首
土手,松
松,何十本
何十本,首縊り
具合,枝
枝,往来
あすこ,人間
人間,四辺
昔,臘人
臘人,宴会
宴会,席
席,首縊り
首縊り,真似
一人,縄
縄,結び目
結び目,首
首,途端
首,当人
当人,縄
事実,一つ
一つ,枝
枝,手
東風,約束通り
無拠,差支え
差支え,永日
永日,面晤
面晤,端書
端書,安心
安心,心置き
下駄,急ぎ足
主人,寒月
寒月,羽織
一足違い,残念
ゼームス,副意識下
副意識下,幽冥界
幽冥界,存在
存在,現実界
現実界,一種
一種,因果
因果,感応
主人,空也
空也,餅
寒月,火鉢
火鉢,灰
灰,丁寧
丁寧,俯向き
不思議,経験
昨年,暮
暮,先生
先生,同日
同日同刻,出来事
向島,知人
知人,家
家,忘年会
忘年会,合奏会
令嬢,令夫人
令夫人,盛会
盛会,近来
近来,快事
月並,静粛
医者,病名
病名,熱
熱,劇
劇,脳
脳,睡眠剤
睡眠剤,功奏
功奏,危険
危険,診断
診断,一種
夢,周囲
周囲,空気
空気,固形
固形体,四方
帰り道,頭
当人,迷惑
すべて,曖昧
冷笑,真面目
真面目,婦人
婦人,病気
病気,飛花落葉
飛花落葉,感慨
感慨,胸
胸,一杯
一杯,総身
総身,活気
活気,一度
一度,ストライキ
ストライキ,元気
元気,蹌踉
蹌踉,形
形,吾妻橋
欄干,満潮
満潮,干潮
干潮,水
花川戸,人力車
人力車,一台
一台,橋
提灯,火
火,札幌
札幌,ビール
遥か,川上
川上,名声
今時分,水面
気のせい,違い
違い,一足
一足,二足
二足,微か
微か,声
声,遠く
三度目,欄干
欄干,膝頭
返事,もの静か
もの静か,水
水,声
犬,月
欄干,半身
声,浪下
浪下,無理
水,欄干
決心,憐れ
憐れ,声
声,糸
力,一反
一反,小石
眼,水
水中,橋
橋,真中
前,後ろ
後ろ,間違い
間違い,声
寒月,羽織
羽織,紐
ゼームス,教授
人間,感応
感応,題
題,写生
写生,文
年始,門内
門内,下女
下女,羽根
羽根,病気
病気,全快
主人,最前
最前,沈思
沈思,体
去年の暮れ,暗合
前歯,空也
細君,御歳暮
御歳暮,代り
代り,摂津
摂津,大掾
大掾,語り物
語り物,細君
細君,新聞
新聞,参考
参考,鰻谷
鰻谷,嫌い
翌日,細君
細君,新聞
堀川,三味線
三味線,賑やか
賑やか,細君
細君,不平
翌日,細君
細君,三十三間堂
三十三間堂,摂津
摂津,三十三間堂
三十三間堂,嫌い
嫌い,いっしょ
いっしょ,手詰
御前,一世一代
一世一代,大入
場所,茶屋
茶屋,交渉
交渉,相当
相当,席
席,予約
予約,正当
正当,手続き
手続き,常規
常規,残念
残念,細君
細君,眼付
眼付,女
女,手続き
手続き,大原
大原,お母さん
お母さん,鈴木
鈴木,君代
君代,正当
正当,手続き
手続き,立派
立派,教師
教師,手数
手数,見物
晩飯,電車
電車,降参
降参,四時
四時,向う
四時,駄目
駄目,場所
場所,鈴木
鈴木,君代
四時,駄目
穴,風船
風船,玉
玉,一度
一度,萎縮
細君,年一度
平生,口
口,身上
身上,苦労
苦労,小供
小供,世話
世話,洒掃
洒掃,薪水
時間,嚢中
悪寒,眼
眼,電車
電車,靴
気の毒,悪寒
医者,服薬
服薬,四時前
四時前,全快
全快,細君
細君,相談
相談,甘木
甘木,医学士
医学士,迎い
迎い,昨夜
昨夜,当番
二時頃,御帰り
杏仁,水
水,四時前
四時前,極
極,運
運,妻君
妻君,笑顔
笑顔,楽
楽,予算
細君,顔
顔,着物
着物,口
口,胸中
胸中,無限
悪寒,劇
四時,全快
全快,約束
約束,履行
履行,女
女,今
今,有為転変
有為転変,理
理,生者必滅
生者必滅,道
道,覚悟
覚悟,夫
夫,妻
御前,女
女,many
many,slip
slip,twixt
twixt,cup
cup,lip
lip,西洋
西洋,諺
諺,横文字
横文字,英語
英語,御存じ
御存じ,癖
癖,英語
英語,好き
好き,耶蘇
耶蘇,学校
学校,卒業生
卒業生,お貰い
冷酷,非常
非常,権幕
権幕,計画
弁解,英語
英語,悪意
妻,至情
至情,妻
妻,解釈
さっき,悪寒
悪寒,眩暈
眩暈,脳
脳,有為転変
有為転変,生者必滅
生者必滅,理
理,細君
細君,英語
妻君,風呂場
風呂場,両肌
両肌,化粧
化粧,箪笥
箪笥,着物
甘木,時計
妻君,書斎
書斎,開き戸
妻,細君
もろ肌,石鹸
石鹸,皮膚
皮膚,ぴかついて
ぴかついて,黒
黒,縮緬
縮緬,羽織
顔,石鹸
石鹸,摂津
摂津,大掾
大掾,希望
希望,二つ
二つ,有形
有形,無形
無形,両方面
希望,満足
奮発,ぷくふかしているとようやく
ぷくふかしているとようやく,甘木
容体,甘木
甘木,先生
先生,舌
舌,手
手,胸
胸,背
背,目縁
心配事,神経
下女,薬
細君,厳命
四時,十五分
四時,十五分
細君,水薬
水薬,茶碗
茶碗,胃
茶碗,唇
茶碗,茶の間
茶の間,柱時計
柱時計,チンチンチンチン
チンチンチンチン,四時
四時,愚図
愚図,茶碗
茶碗,不思議
不思議,不思議
不思議,四時
四時,音
音,吐き気
吐き気,水薬
四時,十分頃
十分頃,甘木
甘木,先生
先生,名医
名医,理解
理解,背中
背中,ぞくぞく
ぞくぞく,眼
眼,夢
夢,当分
当分,病気
病気,全快
歌舞伎座,いっしょ
要領,顔
四時,細君
細君,意見
十五分,甘木
甘木,先生
先生,義理
義理,妻
妻,満足
満足,十五分の差
十五分の差,残念
主人,義務
義務,両人
両人,顔
親切,夫
夫,妻君
障子,蔭
蔭,エヘン
エヘン,細君
人間,時間
時間,口
口,運動
運動,能
主人,我儘
我儘,偏狭
偏狭,事前
事前,承知
承知,言葉
言葉,数
数,了解
了解,点
了解,点
点,話
両人,沈黙
主人,寒月
寒月,太平
太平,逸民
逸民,糸瓜
糸瓜,風
風,澄し
澄し,娑婆気
娑婆気,慾
競争,念心
念心,日常
日常,談笑中
談笑中,一歩
一歩,罵倒
罵倒,俗骨
俗骨,一つ
一つ,穴
穴,動物
動物,猫
猫,気の毒
言語,動作
動作,普通
普通,半可通
半可通,文
文,形
形,厭味
三人,談話
談話,三毛
三毛,様子
様子,二絃琴
二絃琴,師匠
門松,注目
注目,飾り
飾り,正月
正月,早十日
早十日,うらら
うらら,春日
春日,流れ
流れ,雲
雲,空
空,四海
四海,天下
天下,一度
一度,十坪
十坪,庭
庭,面
面,元日
元日,曙光
椽側,座蒲団
座蒲団,一つ
一つ,人影
人影,障子
障子,師匠
師匠,湯
師匠,留守
留守,三毛
気合,泥足
泥足,椽側
椽側,座蒲団
座蒲団,真中
三毛,うたた寝
うたた寝,障子
師匠,留守
奇麗,三念
三念,上等
上等,人間
猫,信女
信女,字
字,恰好
三毛,様子
様子,蒲団
チーン,猫
猫,信女
信女,南無阿弥陀仏
南無阿弥陀仏,師匠
御前,回向
チーン,猫
猫,信女
信女,南無阿弥陀仏
南無阿弥陀仏,下女
座蒲団,木彫
木彫,猫
甘木,三毛
三毛,甘木
甘木,先生
先生,診察
表通り,教師
教師,野良猫
野良猫,無
弁解,我慢しどころ
世の中,自由
三毛,器量
不器量,野良猫
野良猫,達者
三毛,猫
猫,鐘
鐘,太鼓
太鼓,二匹
二匹,代り
下女,考え
考え,猫
猫,人間
人間,同種族
下女,顔
顔,猫属
教師,野良
経験,好き
好き,嫌い
嫌い,先日
先日,火消
火消,壺
壺,下女
下女,蓋
白,説明
説明,苦しみ
苦しみ,今
三毛,身代り
身代り,苦情
苦情,苦しみ
猫,坊さん
坊さん,御経
御経,戒名
慾,坊さん
坊さん,御経
御経,軽少
月桂寺,利目
利目,猫
名前,下女
下女,野良
罪,御経
その後,野良
野良,何百
際限,談話
談話,中途
中途,布団
布団,椽側
椽側,八万八千八百八十本
八万八千八百八十本,毛髪
その後,二絃琴
二絃琴,師匠
師匠,近所
今頃,師匠
師匠,月桂寺
月桂寺,軽少
世間,慵
主人,無性
主人,書斎
書斎,失恋
失恋,無理
鼠,一時
一時,御三
御三,放逐
放逐,呈出
呈出,主人
主人,普通
普通,一般
一般,猫
猫,家
点,主人
主人,恩
恩,感謝
感謝,活眼
活眼,敬服
敬服,躊躇
御三,虐待
甚五郎,肖像
肖像,楼門
楼門,柱
柱,日本
日本,スタンラン
スタンラン,似顔
似顔,カンヴァス
カンヴァス,瞎漢
瞎漢,自己
黒,相手
相手,寂寞
寂寞,人間
人間,知己
せんだって,主人
主人,写真
写真,手紙
手紙,依頼
岡山,名産
名産,吉備団子
吉備団子,名宛
人間,同情
同情,己
己,猫
猫,人間
人間,接近
接近,心持
心持,同族
同族,糾合
糾合,二本足
二本足,先生
先生,雌雄
雌雄,量
量,昨今
人間,世界
世界,一人
一人,進化
同族,軽蔑
性情,一身
変心,軽薄
軽薄,裏切り
言語,罵詈
罵詈,融通
融通,貧乏性
貧乏性,男
猫,習癖
習癖,脱化
脱化,三毛
三毛,黒
黒,荷厄介
人間,同等
同等,気位
気位,思想
思想,言行
一般,猫
猫,毛
毛,主人
主人,一言
一言,挨拶
挨拶,吉備団子
吉備団子,わが物顔
わが物顔,残念
不平,相互
相互,見解
見解,自然
人間,交際
交際,猫
猫,動作
寒月,先生
先生,評判
評判,御免
天気,日曜
日曜,主人
主人,書斎
書斎,傍
傍,筆硯
筆硯,原稿用紙
原稿用紙,腹這
草稿,序開き
序開き,声
声,注目
天然,居士
主人,筆
筆,首
首,名案
名案,筆
筆,穂
唇,真黒
丸,点
点,二つ
真中,小鼻
小鼻,鼻
鼻,真一文字
真一文字,口
口,横
横,文章
主人,愛想
考行,詩
詩,語録
天然,居士
居士,空間
空間,研究
研究,論語
論語,焼芋
焼芋,鼻汁
言文,一致
一致,体
体,一気呵成
主人,朗読
とそ,句
一本,二本
二本,三本
三本,奇麗
奇麗,併行
併行,線
線,八本
八本,句
句,筆
文章,髭
髭,御覧
御覧,見幕
見幕,猛烈
猛烈,ねじ
ねじ,茶の間
茶の間,妻君
妻君,主人
主人,鼻
主人,水中
水中,銅鑼
鼻,穴
穴,親指
親指,人さし指
医者,薬礼
薬礼,本屋
鼻毛,天下
御飯,麺
麺,麭
麭,ジャム
ジャム,缶
主人,平気
平気,顔
顔,鼻毛
鼻毛,一本
一本,丁寧
丁寧,原稿
原稿,紙
主人,発見
妻君,不平
不平,気色
主人,指
種々,色
色,一本
一本,真白
様子,穴
穴,主人
主人,指の股
指の股,鼻毛
鼻毛,妻君
妻君,顔
妻君,顔
顔,主人
主人,感動
経済,問題
主人,天然
鼻毛,妻君
妻君,主人
主人,安心
安心,鼻毛
鼻毛,原稿
原稿,体
焼芋,蛇足
天然,居士
居士,空間
空間,研究
研究,論語
主人,簡単
簡単,文章
文章,筆
筆,十文字
十文字,原稿紙
原稿紙,下手
下手,文人
文人,蘭
苦心,一字
空間,天然
天然,居士
意味,不明
家,案内
案内,勝手口
勝手口,飄然
飄然,心配
心配,遠慮
遠慮,苦労
天然,居士
居士,墓銘
天然,居士
居士,偶然
偶然,童子
偶然,童子
偶然,童子
童子,天然
天然,居士
天然,居士
卒業,大学院
大学院,空間論
空間論,題目
題目,研究
研究,勉強
曾呂,親友
曾呂,天然
天然,居士
居士,変化
変化,所作
坊主,戒名
戒名,俗
天然,居士
居士,雅名
空間,天然
天然,居士
天然,居士
居士,相当
墓銘,沢庵
沢庵,石
石,本堂
本堂,裏手
裏手,力石
雅,天然
天然,居士
先生,接待
接待,無愛想
無愛想,顔
顔,ニャーニャー
ニャーニャー,愛嬌
愛嬌,膝
イヨー,大分
無作法,襟髪
足,鼠
鼠,奥さん
奥さん,猫
雑煮,踊り
奥さん,猫
猫,油断
昔,草双紙
細君,迷惑そう
迷惑そう,針仕事
針仕事,手
男,医者
甘木,病人
細君,挨拶
挨拶,簡単
胃,加減
甘木,ジャム
ジャム,胃病
細君,先刻
先刻,不平
ジャム,小供
ジャム,胃病
胃病,薬
薬,大根卸
大根卸,ジヤスターゼ
ジャム,損害
細君,愉快
娘,箪笥
趣向,三つ
三つ,四つ
四つ,女の子
女の子,御転婆
腹の中,毒
腹の中,毒
苦沙弥,道楽
道楽,服装
服装,地味
地味,世帯
世帯,向き
柄,説教
説教,陽気
加減,勝手
勝手,丸善
丸善,何冊
何冊,月末
月末,知らん顔
知らん顔,去年の暮れ
去年の暮れ,月々
貴様,学者
学者,妻
妻,書籍
書籍,価値
価値,昔
細君,同情
同情,好奇
羅馬,樽
樽,金
樽,金
金,樽
樽,金
七代目,樽
樽,金
七代目,樽
七代目,樽
樽,金
金,羅馬
羅馬,七代目
七代目,王様
王様,タークイン・ゼ・プラウド
王様,一人
一人,女
女,本
本,九冊
王様,女
女,九冊
九冊,三冊
三冊,火
王様,九冊
九冊,六冊
六冊,いくら
いくら,元通り
元通り,一文
一文,乱暴
乱暴,女
女,三冊
三冊,火
王様,未練
未練,三冊
三冊,いくら
いくら,九冊分
九冊,六冊
六冊,六冊
六冊,三冊
三冊,代価
代価,元通り
元通り,一厘
一厘,三冊
三冊,火
火,王様
王様,金余り
金余り,三冊
三冊,書物
書物,ありがた味
ありがた味,力
力,味
細君,一家
一家,見識
見識,返答
袂,ハンケチ
矢鱈,学者
文学,雑誌
雑誌,苦沙弥
主人,評判
苦沙弥,文
ハンケチ,眼
書物,商買
商買,道具
偏屈,学問
調子,弁護
弁護,不即不離
不即不離,妙
せんだって,学校
学校,わき
わき,着物
着物,面倒
面倒,外套
外套,机
机,腰
腰,御飯
ハイカラ,首実検
月並,女
無,加勢
加勢,細君
細君,不満
月並,皆さん
皆さん,月並
月並,定義
曖昧,月並
細君,女人
女人,一流
一流,論理法
曖昧,説明
嫌い,月並
月並,処置
奥さん,月並
月並,物思い
物思い,天気
天気,晴朗
晴朗,一瓢
一瓢,墨
墨,連中
細君,もの好き
もの好き,加減
馬琴,胴
胴,メジョオ・ペンデニス
メジョオ・ペンデニス,首
首,欧州
欧州,空気
中学校,生徒
生徒,白木屋
白木屋,番頭
番頭,立派
細君,首
首,納得
女,多弁
多弁,人間
人間,猫
赤ん坊,大根卸
坊や,舌
犬,芸
主人,不審
午後一時,苦沙弥
苦沙弥,家
都合,勝手
趣向,寒月
寒月,先生
先生,理学
理学,協会
物理学,演説
問題,マグネ
マグネ,ノッズル
ノッズル,乾燥
乾燥,無味
首縊り,力学
力学,脱俗
脱俗,超凡
超凡,演題
演題,傾聴
首縊り,損
損,男
男,傾聴
歌舞伎座,悪寒
悪寒,人間
人間,結論
妻君,ホホ
ホホ,主人
主人,無言
七分,注文通り
注文通り,寒月
晩,演舌
演舌,立派
立派,フロック
フロック,洗濯立て
洗濯立て,白襟
白襟,男振り
男振り,二割
さっき,二人
コップ,水
本式,拍手
寒月,内隠し
内隠し,草稿
前置き,演舌
罪人,罪
罪,刑
刑,アングロサクソン
アングロサクソン,民族間
民族間,方法
方法,古代
古代,首縊り
首縊り,自殺
自殺,方法
人中,罪人
罪人,石
石,習慣
旧約,全書
全書,研究
研究,ハンギング
ハンギング,罪人
罪人,死体
死体,野獣
野獣,肉食
肉食,鳥
鳥,餌食
ヘロドタス,エジプト
エジプト,夜中
夜中,死骸
エジプト人,罪人
罪人,首
首,胴
胴,十字架
十字架,釘付け
釘付け,夜中
寒月,首縊り
首縊り,縁
波,斯人
斯人,処刑
処刑,磔
主人,退屈
演舌家,上品
寒月,弥次
処刑,絞殺
絞殺,結果
結果,オディセー
オディセー,二十二巻
テレマカス,ペネロピー
ペネロピー,十二人
十二人,侍女
侍女,絞殺
臘語,本文
本文,朗読
四百六十五行,四百七十三行
希臘語,云々
云々,希臘語
希臘語,苦沙弥
賛成,物欲
両人,希臘語
絞殺,想像
想像,執行
執行,二つ
縄,結び目
結び目,穴
穴,女
女,一つ
一つ,片方
片方,端
西洋,洗濯屋
洗濯屋,シャツ
シャツ,女
二縄,一端
一端,柱
柱,一端
一端,天井
縄,結び目
結び目,輪
輪,女
女,頸
頸,女
女,足台
足台,趣向
縄暖簾,提灯
提灯,玉
玉,景色
提灯,玉
女,距離
一番地,二人
二人,女
女,首縄
首縄,ホリゾンタル
縄,地平線
地平線,角度
角度,縄
縄,各部
各部,力
力,縄
縄,部分
女,体重
大抵,度合
度合,両人
両人,勝手
勝手,他人
多角形,御存じ
御存じ,平均
平均,理論
理論,十二
主人,乱暴
式,演説
演説,首脳
式,力学
力学,研究
研究,駄目
英国,ベオウルフ
ベオウルフ,絞首架
絞首架,ガルガ
ガルガ,罪
罪,刑
刑,時代
ブラクストーン,罪
罪,罪人
罪人,縄
同様,刑罰
刑罰,ピヤース・プローマン
ピヤース・プローマン,兇漢
兇漢,二度
どっち,本当
本当,一度
はずみ,一度目
一度目,縄
縄,足
足,地面
三目,見物人
首縊り,背
背,一寸
工夫,,苦沙弥
寒月,一寸
一寸,背
脊髄,背
演説,続き
続き,寒月
寒月,首縊り
首縊り,生理作用
生理作用,論及
論及,無
無,風来坊
風来坊,珍語
珍語,主人
主人,欠伸
晩,寒月
寒月,態度
態度,雄弁
雄弁,遠方
遠方,出来事
午後二時頃,先生
先生,空々
空々,偶然
越智,東風
東風,高輪
旅順,陥落
陥落,号外
主人,平生通り
東風,失策
失策,物語
物語,報道
仰山,不埒
ハハハハハ,不埒
不埒,無
無,埒
区別,名誉
純然,天然
天然,居士
日曜,東風
東風,高輪
高輪,泉岳寺
東風,勝手
権利,寺内
寺内,義士
義士,遺物
遺物,保存会
道理,東風
江戸っ子,泉岳寺
主人,天然
展覧場,東風
東風,見物
見物,独逸
独逸,夫婦
日本語,東風
東風,質問
先生,独逸
独逸,大鷹
大鷹,源
源吾,蒔絵
蒔絵,印籠
東風,返事
返事,日本人
日本人,清廉
清廉,君子
君子,駄目
景気,独逸
独逸,恰好
恰好,通弁
心配,早口
早口,要領
鳶口,掛矢
西洋,鳶口
鳶口,掛矢
掛矢,先生
先生,翻訳
主人,教師
教師,身の上
仕舞,東風
東風,独逸
独逸,四方
仕舞,東風
東風,我慢
我慢,日本語
日本語,変
変,国
国,さよなら
さよなら,相手
相手,西洋人
西洋人,調和
調和,東風
東風,調和
調和,男
西洋人,あっけ
あっけ,茫然
茫然,報知
主人,巻煙草
巻煙草,灰
灰,火桶
柄,格子戸
主人,顔
主人,女
女,客
客,稀有
稀有,声
声,所有主
所有主,縮緬
縮緬,二枚重ね
生え際,前髪
前髪,堤防
堤防,工事
工事,顔
顔,二分の一
眼,切り通し
切り通し,坂
坂,勾配
勾配,直線
直線,左右
直線,鯨
鼻,顔
顔,真中
三坪,小庭
小庭,招魂
招魂,社
社,石灯籠
石灯籠,独り
鼻,鍵
鍵,鼻
鼻,ひと度
ひと度,精一杯
精一杯,中途
中途,謙遜
謙遜,先方
鼻,女物
女物,口
口,鼻
偉大,鼻
鼻,敬意
敬意,女
女,鼻
鼻,初対面
雨,板
板,木目
鼻,社交
三人,鼎坐
鼻,話
西洋館,道理
道理,あすこ
あすこ,金田
主人,金田
金田,西洋館
西洋館,金田
金田,認識
認識,金田
金田,夫人
夫人,尊敬
尊敬,度合
宿,話
話,会社
鼻,先刻
先刻,言葉遣い
言葉遣い,初対面
初対面,女
女,存在
存在,不平
会社,一つ
一つ,二つ
二つ,三つ
主人,博士
博士,大学
大学,教授
教授,恐縮
恐縮,男
実業家,尊敬
実業家,中学校
中学校,先生
融通,性質
性質,実業家
実業家,金満
金満,家
家,恩顧
恩顧,覚束ない
先方,勢力
勢力,家
家,財産
財産,家
家,世話
世話,見込
見込,利害
学者,社会
社会,他方面
他方面,実業界
尊敬,畏服
鼻,天が下
天が下,一隅
一隅,変人
変人,日光
日光,生活
世の中,人間
人間,金田
金田,妻
妻,取扱い
取扱い,身分
身分,人前
人前,立派
立派,金田
金田,夫人
夫人,老書生
老書生,家
家,横丁
横丁,角屋敷
角屋敷,職業先
職業先,予期
主人,無雑作
金田,伯父
主人,鼻
鼻,大島紬
大島紬,古渡
古渡,更紗
牧山,御世話
御世話,宿
叮嚀,言葉
言葉使い,おまけ
おまけ,御辞儀
主人,あっ気
あっ気,無言
娘,縁辺
縁辺,牧山
牧山,心配
身分,滅多
鼻,主人
主人,存在
水島,寒月
寒月,男
男,風
御令嬢,御婚儀
御婚儀,関係
関係,寒月
寒月,性行
性行,一斑
一斑,承知
御令嬢,寒月
双方,銀
銀,煙管
煙管,軍配
軍配,団扇
団扇,心裡
主人,正面
主人,婦人
寒月,御令嬢
御令嬢,恋着
主人,鉄砲
行司気取り,見物
見物,鼻
鼻,一言
一言,好奇心
好奇心,挑撥
挑撥,煙管
寒月,御嬢さん
御嬢さん,付け文
付け文,愉快
愉快,新年
新年,逸話
逸話,一つ
付け文,二人
主人,狐付き
狐付き,顔
御両人,御存じ
金剛石,指環
指環,指
指,膝
偉大,鼻
鼻,異彩
異彩,主人
主人,不意
胆,呆然
呆然,瘧
瘧,病人
病人,驚愕
驚愕,箍
箍,持前
持前,本態
本態,滑稽
滑稽,一度
御嬢さん,苦沙弥
苦沙弥,寒月
寒月,お嬢さん
お嬢さん,恋
恋,相違
寒月,事実
事実,参考
参考,陳述
陳述,苦沙弥
苦沙弥,主人
主人,埒
埒,秘密
裏,車屋
車屋,神
寒月,車屋
車屋,神
垣根,向う
向う,勝手
勝手,声
鼻,赤面
新道,二絃琴
二絃琴,師匠
師匠,いろいろ
師匠,上品
上品,自分
顔,馬鹿
野郎,御門
鼻,言葉使い
喧嘩,談判
鉄枴仙人,軍鶏
軍鶏,蹴合い
蹴合い,顔
悪口,交換
交換,鼻
鼻,敵
敵,自覚
自覚,主人
主人,沈黙
寒月,御嬢さん
御嬢さん,恋着
金田,夫人
夫人,判然
判然,直線
直線,言葉
寒月,根堀
根堀,葉堀
葉堀,御帰り
気持ち,手障り
鼻,納得
納得,質問
一時,言葉使い
寒月,理学士
理学士,専門
大学院,地球
地球,磁気
不幸,意味
意味,鼻
主人,不愉快
博士,保証
首縊り,力学
力学,研究
研究,結果
結果,理学協会
本人,首縊り
これしき,金田
金田,夫人
夫人,面目
面目,相手
相手,顔色
せんだって,団栗
団栗,スタビリチー
スタビリチー,天体
天体,運行
運行,論文
団栗,大学校
大学校,勉強
素人,寒月
寒月,研究
鼻,学問
学問,質問
質問,手
手,断念
質問,縄張り
色気,楊子
椎茸,歯
歯,性
空也,餅
餅,引掛
歯,小遣
小遣,物好き
御宅,手紙
手紙,当人
当人,拝見
主人,書斎
絵,器用
鼻,下女
下女,新聞
旧暦,夜山
夜山,狸
狸,園遊会
歌,夜
夜,御山
鼻,不平
天女,羽衣
天女,鼻
人並,鼻
鼻,文句
昔,一人
一人,天文学
夜,星空
星空,天女
天女,この世
この世,微妙
微妙,音楽
音楽,天文学者
朝,天文学者
天文学者,死骸
死骸,霜
噺,うそつき
意味,理学士
文芸,倶楽部
活版,帆舟
帆舟,印刷
泊り,女郎
女郎,親
親,荒磯
荒磯,千鳥
千鳥,親
親,船乗り
船乗り,波
拝見,野暮
鼻,寒月
寒月,質問
得手,勝手
見送り,両人
両人,席
奥,部屋
部屋,細君
細君,怺える
怺える,クツクツ
奥さん,月並
主人,不満
鼻,顔
顔,中央
猫背,鼻
夫,剋する
十九世紀,二十世紀
二十世紀,店
妻君,奥
悪口,車屋
車屋,神
鼻,弁護
弁護,容貌
容貌,間接
婦人,愚人
裏,車屋
人物,尊敬
尊敬,博士
博士,不了見
貴様,昔
昔,アイソクラチス
アイソクラチス,九十四歳
ソフォクリス,傑作
傑作,天下
天下,百歳
シモニジス,八十
細君,主人
主人,寿命
金田,奥さん
奥さん,叮嚀
叮嚀,伯父
細君,責任
主人,伯父
伯父,言葉
主人,夫婦
頭,ちょん髷
ちょん髷,恐縮
四時間以上,贅沢
贅沢,沙汰
沙汰,朝
睡眠時間,四時間
四時間,永年
永年,修業
修業,近頃
近頃,随処
随処,任意
任意,庶境
庶境,自慢
修業,糸瓜
糸瓜,克己
克己,力
力,成功
外出時,鉄扇
細君,差し合い
此年,春
春,手紙
手紙,山高帽子
山高帽子,フロック
フロック,コート
郵便,老人
二十三日,静岡
静岡,祝捷会
祝捷会,調達
調達,命令
帽子,好い加減
好い加減,洋服
洋服,寸法
寸法,大丸
近頃,大丸
大丸,洋服
先生,白木屋
国,新聞
新聞,牧山
牧山翁,フロック
フロック,コート
帽子,洋服
無事,国
国,小包
小包,礼事
礼事,山高帽子
山高帽子,手紙
手紙,帽子
帽子,屋上
主人,天下
天下,発見
発見,満足
細君,不思議
鉄扇,伯父
漢学者,聖堂
聖堂,朱子学
朱子学,電気灯
電気灯,ちょん髷
女,牧山
牧山,男爵
主人,意見
男爵,伯父
伯父,局長
心配,顔
法螺,上手
奥さん,法螺
女,魂胆
魂胆,曰く付き
猿智慧,術数
術数,天来
天来,滑稽
滑稽,趣味
趣味,混同
混同,コメディー
コメディー,神様
神様,活眼の士
横丁,足
角屋敷,金田
金田,構え
主人,家
家,実業家
家,話頭
話頭,主人
主人,飯
飯,無関係
鼻,訪問
訪問,余所
余所,談話
談話,拝聴
拝聴,令嬢
令嬢,艶美
艶美,想像
想像,富貴
富貴,権勢
権勢,猫
猫,安閑
先方,博士
博士,奥さん
奥さん,車屋
車屋,神
神,二絃琴
二絃琴,天璋院
天璋院,買収
買収,前歯
前歯,探偵
探偵,羽織
羽織,紐
紐,卒業したて
卒業したて,理学士
理学士,能
偉大,鼻
鼻,顔
顔,安置
安置,女
女,滅多
事件,主人
主人,無頓着
無頓着,銭
銭,不自由
不自由,偶然
偶然,童子
童子,便宜
可哀相,首縊り
首縊り,力学
力学,演説
奮発,敵城
敵城,動静
動静,偵察
猫,エピクテタス
エピクテタス,机上
机上,学者
学者,家
家,寄寓
寄寓,猫
猫,世間一般
世間一般,痴猫
痴猫,愚猫
冒険,義侠心
義侠心,尻尾
恩,個人
個人,血気
血気,躁狂
公平,中庸
中庸,天意
天意,現実
現実,天晴
天気,霜
霜解,閉口
閉口,道
足裏,泥
泥,椽側
椽側,梅
梅,花
花,印
印,迷惑
勇猛,精進
精進,決心
猫,進化
進化,極度
極度,脳力
脳力,発達
発達,中学
中学三年生,咽喉
咽喉,構造
構造,猫
猫,人間
人間,言語
首尾,金田邸
金田邸,敵
敵,情勢
情勢,肝心
土中,金剛石
金剛石,智識
智識,無用
一度,中途
中途,白雨
白雨,黒雲
黒雲,隣国
格別,正義
正義,人道
人道,無駄死に
無駄死に,義務
義務,男児
無駄骨,無駄足
無駄足,猫
猫,適当
猫,因果
因果,寒月
寒月,迷亭
迷亭,苦沙弥
苦沙弥,先生
先生,三寸
三寸,舌頭
舌頭,相互
相互,思想
思想,交換
交換,技倆
技倆,猫
猫,忍び
忍び,術
術,先生
他人事,成就
金田,内幕
横町通り,西洋館
西洋館,角地面
角地面,顔
主人,西洋館
西洋館,傲慢
傲慢,門
門,建築
建築,威圧
威圧,二階
二階,作り
作り,無意味
玄関,右
右,植込
勝手,苦沙弥
苦沙弥,先生
先生,台所
せんだって,日本
日本,新聞
新聞,大隈
漆喰,二坪
二坪,土間
土間,車屋
車屋,神
神,御飯
御飯,車夫
車夫,相手
剣呑,水桶
教師,旦那
界隈,金田
金田,御屋敷
御屋敷,眼
眼,耳
教師,本
本,変人
旦那,駄目
駄目,小供
小供,歳
金田,厄介
顔,手拭
手拭,湯
苦沙弥,先生
先生,飯焚
大勢,垣根
垣根,傍
傍,悪口
姿,声
声,勉強
勉強,邪魔
神,悪口
悪口,三分の一
手合,苦沙弥
苦沙弥,先生
先生,三人
三人,横
猫,足
足,無
無,きが
きが,不器用
不器用,音
空,雲
雲,水中
水中,磬
磬,洞裏
洞裏,瑟
瑟,醍醐
醍醐,妙味
妙味,言詮
言詮,冷暖
月並,西洋館
西洋館,模範
模範,勝手
勝手,車屋
車屋,神
神,権助
権助,飯焚
飯焚,御嬢さま
御嬢さま,仲働き
仲働き,鼻
鼻,夫人
夫人,旦那
話,舌
舌,尻尾
道,日本一
草双紙,猫又
猫又,血脈
蟇蛙,額
額,夜光
夜光,明珠
明珠,尻尾
尻尾,神祇
神祇,釈教
釈教,恋
恋,無常
無常,満天下
満天下,人間
人間,馬鹿
馬鹿,一家相伝
金田家,廊下
廊下,人間
人間,横行
横行,仁王様
仁王様,心太
力量,感服
感服,普段
普段,大事
大事,尻尾
尊敬,尻尾
尻尾,大明神
大明神,礼拝
礼拝,ニャン
ニャン,運
運,長久
長久,低頭
低頭,見当
尻尾,身体
身体,尻尾
首,尻尾
尻尾,間隔
天地玄黄,三寸
三寸,裏
裏,霊物
霊物,手
手,尻尾
尻尾,環
環,七度
障子,裏
裏,鼻
左右,耳
貧乏,教師
教師,癖
学校,国
津木,ピン
ピン,福地
金田,生国
生国,妙
妙,名前
名前,人間
車屋,神
神,話
話,英語
英語,リードル
リードル,専門
碌,教師
学校,妙
生徒,先生
先生,番茶
番茶,英語
英語,番茶
番茶,Savage
Savage,tea
tea,真面目
真面目,教員
教員,物笑い
物笑い,教員
教員,迷惑
迷惑,あいつ
いま,面構え
髭,猫
猫,一疋
へべれけ,頓狂
頓狂,伯父
伯父,牧山
牧山,男爵
男爵,顔
顔,男爵
男爵,伯父
御前,馬の骨
評判,落第
落第,念頭
念頭,懸念
廊下,向う
向う,座敷
座敷,ベル
女,独り
声,鼻
鼻,当家
当家,令嬢
令嬢,未遂
未遂,入水
惜哉,障子越し
障子越し,玉
